Fund Name,P1,P2,P3,P4,P5,Topsis Score,Rank
M1,0.95,0.9,4.8,32.0,9.66,0.43882719116526003,3.0
M2,0.83,0.69,4.9,33.6,10.01,0.3337103444576038,5.0
M3,0.64,0.41,3.5,44.6,12.29,0.2344289448211685,7.0
M4,0.79,0.62,4.5,37.0,10.73,0.2873617274207625,6.0
M5,0.81,0.66,6.0,33.4,10.22,0.3805908765953871,4.0
M6,0.81,0.66,6.8,63.3,17.89,0.7647603985991215,1.0
M7,0.94,0.88,4.8,46.0,13.16,0.5743883415414114,2.0
M8,0.69,0.48,5.3,32.8,9.82,0.2285560822417799,8.0
